Date,Year,Day of month,Sessions,Users,Pageviews,Avg. sessions per user,Avg. session length (min),Bounce rate,New users,Avg. time on page,Usuarios recurrentes
2018-01-01,2018,1,2300,1909,10590,"1,2","4,47","45,74",964,"73,31",945
2018-01-02,2018,2,5041,4070,27454,"1,24","5,24","36,54",2229,"70,23",1841
2018-01-03,2018,3,5120,4108,30168,"1,25","5,64","36,05",2274,"68,5",1834
2018-01-04,2018,4,4558,3628,27454,"1,26",6,"35,63",1975,"70,98",1653
2018-01-05,2018,5,4440,3497,26222,"1,27","5,92","36,73",1872,"71,78",1625
2018-01-06,2018,6,3643,2941,21365,"1,24","5,91","37,28",1628,"72,25",1313
2018-01-07,2018,7,3239,2602,19889,"1,24","6,02","36,34",1513,"69,88",1089
2018-01-08,2018,8,3760,3040,23582,"1,24","6,13","36,36",1719,"69,27",1321
2018-01-09,2018,9,4626,3724,29906,"1,24","6,59","32,71",2062,"71,64",1662
2018-01-10,2018,10,4426,3515,29431,"1,26","6,79","31,16",1947,"71,86",1568
2018-01-11,2018,11,4392,3620,29468,"1,21","6,48","33,58",2044,"67,98",1576
2018-01-12,2018,12,6613,5693,33310,"1,16","4,6","42,6",3836,"68,2",1857
2018-01-13,2018,13,6617,5678,31408,"1,17","4,27","48,22",3981,"68,19",1697
2018-01-14,2018,14,5393,4733,24836,"1,14","4,18","48,28",3115,"69,48",1618
2018-01-15,2018,15,7269,6167,35710,"1,18","4,51","44,81",4147,"69,07",2020
2018-01-16,2018,16,7124,6103,34658,"1,17","4,52","45,1",4109,"69,97",1994
2018-01-17,2018,17,9235,7975,43940,"1,16","4,27","45,11",5246,"67,95",2729
2018-01-18,2018,18,9642,8170,47456,"1,18","4,28",45,5382,"65,24",2788
2018-01-19,2018,19,7933,6816,36267,"1,16","3,96","48,61",4527,"66,28",2289
2018-01-20,2018,20,6883,5972,27953,"1,15","3,52","52,04",4045,"68,69",1927
2018-01-21,2018,21,6829,5964,29236,"1,15","3,52","53,61",4174,"64,28",1790
2018-01-22,2018,22,8290,7170,38208,"1,16","4,13","47,12",4805,"68,41",2365
2018-01-23,2018,23,7984,6886,36081,"1,16","3,87","48,87",4571,"65,75",2315
2018-01-24,2018,24,8725,7461,40317,"1,17","4,08","51,45",5217,"67,58",2244
2018-01-25,2018,25,9687,8287,39662,"1,17","3,56","53,2",5743,"68,98",2544
2018-01-26,2018,26,10454,8869,41691,"1,18","3,39","51,24",5896,"67,86",2973
2018-01-27,2018,27,8032,6824,32434,"1,18","3,42","56,36",4677,"67,52",2147
2018-01-28,2018,28,7876,6856,30822,"1,15","3,21","57,81",4756,"66,01",2100
2018-01-29,2018,29,9349,7999,38871,"1,17","3,53","53,98",5292,"66,82",2707
2018-01-30,2018,30,8756,7376,36631,"1,19","3,61","53,76",4914,"67,86",2462
2018-01-31,2018,31,8828,7488,39088,"1,18","3,84","52,84",4998,"67,11",2490
2018-02-01,2018,1,4932,4067,27386,"1,21","5,37","39,88",2255,"70,53",1812
2018-02-02,2018,2,4763,3979,26448,"1,2","5,32","41,86",2229,"69,94",1750
2018-02-03,2018,3,4233,3567,25015,"1,19","5,43","41,25",2114,"66,29",1453
2018-02-04,2018,4,4216,3504,23207,"1,2","4,99","43,45",2063,"66,35",1441
2018-02-05,2018,5,5054,4190,29458,"1,21","5,44","40,4",2358,"67,5",1832
2018-02-06,2018,6,5415,4533,29835,"1,19","5,04","41,99",2724,"66,94",1809
2018-02-07,2018,7,6387,5315,37115,"1,2","5,08","38,94",3287,"63,25",2028
2018-02-08,2018,8,8503,7190,42077,"1,18","4,47","45,91",4731,"67,67",2459
2018-02-09,2018,9,9398,7933,41891,"1,18","3,83","49,44",5426,"66,38",2507
2018-02-10,2018,10,7585,6376,34864,"1,19","3,86","49,65",4294,"64,25",2082
2018-02-11,2018,11,7753,6748,32925,"1,15","3,51","52,19",4586,"64,83",2162
2018-02-12,2018,12,9371,7823,41199,"1,2","3,8","49,83",5186,"67,13",2637
2018-02-13,2018,13,9366,7835,40720,"1,2","3,93","50,43",5208,"70,26",2627
2018-02-14,2018,14,8980,7554,40415,"1,19","4,01","49,72",5017,"68,6",2537
2018-02-15,2018,15,9558,7947,45784,"1,2","4,19","46,81",5364,"66,08",2583
2018-02-16,2018,16,11272,9652,49127,"1,17","3,74","43,48",6082,"66,51",3570
2018-02-17,2018,17,8928,7571,38778,"1,18","3,84","47,87",4847,"68,91",2724
2018-02-18,2018,18,8309,7127,35571,"1,17","3,61","50,62",4664,"65,84",2463
2018-02-19,2018,19,10241,8529,45563,"1,2","3,88","47,5",5469,"67,2",3060
2018-02-20,2018,20,9423,7976,39721,"1,18","3,76","50,29",5157,"70,1",2819
2018-02-21,2018,21,9339,7819,41553,"1,19","3,97","48,17",5085,"68,89",2734
2018-02-22,2018,22,8742,7305,39225,"1,2","4,15","49,65",4721,"71,09",2584
2018-02-23,2018,23,8674,7316,38152,"1,19","3,72","48,88",4747,"65,53",2569
2018-02-24,2018,24,7384,6232,31762,"1,18","3,62","49,99",4033,"65,72",2199
2018-02-25,2018,25,7294,6184,31179,"1,18","3,63","52,06",4082,"66,3",2102
2018-02-26,2018,26,8386,7010,39367,"1,2","4,2","46,43",4520,"68,16",2490
2018-02-27,2018,27,10262,8724,44219,"1,18","3,82","44,44",5477,"69,11",3247
2018-02-28,2018,28,9177,7571,42147,"1,21","4,15","45,01",4816,"69,12",2755
2018-03-01,2018,1,10321,8883,42832,"1,16","3,83","39,49",5825,"72,73",3058
2018-03-02,2018,2,8477,7224,36095,"1,17","4,01","46,67",4461,"73,69",2763
2018-03-03,2018,3,7403,6278,32831,"1,18","3,95","50,17",3966,"68,91",2312
2018-03-04,2018,4,7094,6052,31124,"1,17","3,74","51,82",3878,"66,11",2174
2018-03-05,2018,5,8286,6985,38044,"1,19","4,05","46,61",4386,"67,58",2599
2018-03-06,2018,6,8851,7530,40397,"1,18","4,1","47,38",4845,"68,92",2685
2018-03-07,2018,7,9282,7881,40222,"1,18","3,89","50,9",5346,"69,83",2535
2018-03-08,2018,8,8142,6941,32690,"1,17","3,69","54,04",4645,"73,19",2296
2018-03-09,2018,9,8588,7277,34968,"1,18","3,57","55,6",4852,"69,5",2425
2018-03-10,2018,10,7720,6568,29463,"1,18","3,13","56,63",4341,"66,45",2227
2018-03-11,2018,11,7676,6649,26623,"1,15","2,73","60,3",4562,"66,29",2087
2018-03-12,2018,12,9858,8428,38964,"1,17","3,41","54,47",5905,"69,25",2523
2018-03-13,2018,13,9677,8211,39367,"1,18","3,62","54,39",5615,"70,71",2596
2018-03-14,2018,14,9325,7936,38469,"1,18","3,82","53,14",5198,"73,11",2738
2018-03-15,2018,15,9882,8310,43970,"1,19","4,19","49,68",5390,"72,7",2920
2018-03-16,2018,16,9875,8373,44114,"1,18","4,07","49,92",5506,"70,21",2867
2018-03-17,2018,17,8580,7279,35572,"1,18","3,65","53,43",4769,"69,59",2510
2018-03-18,2018,18,8055,6950,31157,"1,16","3,15","58,08",4739,"65,86",2211
2018-03-19,2018,19,8458,7377,33854,"1,15","3,54","55,84",4881,"70,6",2496
2018-03-20,2018,20,9480,8066,41294,"1,18","3,87","51,74",5182,"69,14",2884
2018-03-21,2018,21,9445,8050,41369,"1,17","4,02","52,32",5212,"71,18",2838
2018-03-22,2018,22,9301,7813,42993,"1,19","4,15","51,95",5006,"68,56",2807
2018-03-23,2018,23,8242,6996,39071,"1,18","4,26","51,89",4385,"68,16",2611
2018-03-24,2018,24,7836,6804,34325,"1,15","3,71","55,51",4437,"65,87",2367
2018-03-25,2018,25,7601,6650,30724,"1,14","3,35","56,91",4465,"66,04",2185
2018-03-26,2018,26,8777,7483,39491,"1,17","3,97","51,98",4872,"67,93",2611
2018-03-27,2018,27,8865,7486,39859,"1,18",4,"51,45",4917,"68,42",2569
2018-03-28,2018,28,8149,6982,36973,"1,17","4,03","51,65",4464,"68,13",2518
2018-03-29,2018,29,7268,6310,29551,"1,15","3,46","57,66",4276,"67,59",2034
2018-03-30,2018,30,7183,6304,30317,"1,14","3,7","57,86",4283,"68,86",2021
2018-03-31,2018,31,7669,6671,34120,"1,15","3,98","54,52",4433,"69,11",2238
2018-04-01,2018,1,5761,4895,27484,"1,18","4,1","50,27",2936,65,1959
2018-04-02,2018,2,6902,5780,35179,"1,19","4,59","45,06",3492,"67,07",2288
2018-04-03,2018,3,7334,6241,34306,"1,18","4,4","48,66",3893,"71,73",2348
2018-04-04,2018,4,8527,7302,38135,"1,17","3,97","51,18",4912,"68,39",2390
2018-04-05,2018,5,7822,6801,34216,"1,15","4,03","53,63",4552,"71,41",2249
2018-04-06,2018,6,7311,6345,32481,"1,15","4,03","52,76",4130,"69,91",2215
2018-04-07,2018,7,6800,5889,29158,"1,15","3,61","54,74",3891,"65,69",1998
2018-04-08,2018,8,6716,5913,26621,"1,14","3,29","57,46",4002,"66,62",1911
2018-04-09,2018,9,7290,6259,34418,"1,16","4,1","49,99",4015,"66,09",2244
2018-04-10,2018,10,8251,7025,41004,"1,17","4,55","46,33",4424,"68,6",2601
2018-04-11,2018,11,8176,6845,40591,"1,19","4,58","45,73",4348,"69,02",2497
2018-04-12,2018,12,7968,6859,37276,"1,16","4,29","50,01",4528,"69,92",2331
2018-04-13,2018,13,7980,6956,33829,"1,15","3,82","53,27",4611,"70,68",2345
2018-04-14,2018,14,7653,6668,30939,"1,15","3,58","55,82",4592,"70,28",2076
2018-04-15,2018,15,7469,6559,31461,"1,14","3,52","57,06",4479,"65,53",2080
2018-04-16,2018,16,8732,7516,38609,"1,16","4,29","50,39",4833,"75,08",2683
2018-04-17,2018,17,8270,7172,35399,"1,15","4,09","51,64",4690,"74,58",2482
2018-04-18,2018,18,8636,7418,35515,"1,16","4,21","50,81",4957,"81,08",2461
2018-04-19,2018,19,9253,7985,36901,"1,16","3,79","52,49",5257,"76,04",2728
2018-04-20,2018,20,11418,9717,41536,"1,18","3,52","51,2",6006,"79,91",3711
2018-04-21,2018,21,8637,7661,30183,"1,13","3,24","55,84",5007,"77,71",2654
2018-04-22,2018,22,9909,8772,30331,"1,13","2,71","63,09",6401,"78,9",2371
2018-04-23,2018,23,10644,9140,37908,"1,16","3,36","56,63",6264,"78,59",2876
2018-04-24,2018,24,10088,8617,36278,"1,17","3,38","55,42",5765,"77,87",2852
2018-04-25,2018,25,9781,8277,36431,"1,18","3,44","56,84",5602,"75,65",2675
2018-04-26,2018,26,7934,6739,32001,"1,18","3,89","52,33",4262,"76,81",2477
2018-04-27,2018,27,8689,7418,32673,"1,17","3,57","55,3",4952,"77,45",2466
2018-04-28,2018,28,8600,7382,31011,"1,16","3,38","57,49",4958,"77,65",2424
2018-04-29,2018,29,8958,7726,33218,"1,16","3,37","58,29",5204,"74,49",2522
2018-04-30,2018,30,9521,8267,33701,"1,15","3,39","56,16",5413,"79,9",2854
2018-05-01,2018,1,6701,5633,29037,"1,19","4,31","49,25",3305,"77,4",2328
2018-05-02,2018,2,7536,6338,31504,"1,19","4,43","48,86",3741,"83,39",2597
2018-05-03,2018,3,7104,6007,32006,"1,18","4,54","48,27",3619,"77,64",2388
2018-05-04,2018,4,7939,6894,31249,"1,15","3,92","50,83",4260,"79,95",2634
2018-05-05,2018,5,6221,5419,24867,"1,15","4,01","53,42",3123,"80,15",2296
2018-05-06,2018,6,7457,6519,26840,"1,14","3,41","57,17",4185,"78,7",2334
2018-05-07,2018,7,8799,7619,32403,"1,15","3,52","53,12",4839,"78,52",2780
2018-05-08,2018,8,7871,6775,30140,"1,16","3,87","53,68",4358,"82,08",2417
2018-05-09,2018,9,7829,6650,29812,"1,18","3,89","53,77",4351,"82,9",2299
2018-05-10,2018,10,7509,6455,28635,"1,16","3,53","54,15",4210,"75,24",2245
2018-05-11,2018,11,7003,5990,26661,"1,17","3,67","54,49",3753,"78,21",2237
2018-05-12,2018,12,6052,5281,20945,"1,15","3,1","58,29",3378,"75,41",1903
2018-05-13,2018,13,5202,4562,16087,"1,14","2,57","63,65",3026,"73,63",1536
2018-05-14,2018,14,6929,6021,24440,"1,15","3,37","55,75",3950,"79,81",2071
2018-05-15,2018,15,8997,7850,33045,"1,15","3,49","54,24",5139,"78,23",2711
2018-05-16,2018,16,8047,6967,32851,"1,16","4,08","51,65",4416,"79,25",2551
2018-05-17,2018,17,8635,7440,31701,"1,16","3,38","55,09",4897,"75,67",2543
2018-05-18,2018,18,9560,8219,36083,"1,16","3,58","52,13",5221,"77,16",2998
2018-05-19,2018,19,9067,7829,33653,"1,16","3,34","55,12",5021,"73,88",2808
2018-05-20,2018,20,8261,7151,28364,"1,16","3,06","58,52",4806,"75,28",2345
2018-05-21,2018,21,10038,8534,40810,"1,18","3,69","51,36",5535,"72,17",2999
2018-05-22,2018,22,10759,9080,44242,"1,18","3,52","50,13",5833,"67,66",3247
2018-05-23,2018,23,10113,8731,40660,"1,16","3,69","51,8",5672,"73,21",3059
2018-05-24,2018,24,9878,8590,37946,"1,15","3,5","52,25",5606,"73,7",2984
2018-05-25,2018,25,12761,11114,49423,"1,15","2,92","39,39",7411,"60,91",3703
2018-05-26,2018,26,9539,8178,35545,"1,17","3,17","51,7",5304,"69,59",2874
2018-05-27,2018,27,8797,7707,28430,"1,14","2,68","58,39",5082,"71,94",2625
2018-05-28,2018,28,11272,9430,57632,"1,2","4,29","43,93",5826,"62,55",3604
2018-05-29,2018,29,10943,9452,46326,"1,16","3,65","51,41",6070,"67,58",3382
2018-05-30,2018,30,10240,8724,41875,"1,17","3,53","52,66",5496,"68,27",3228
2018-05-31,2018,31,8762,7575,33101,"1,16","3,32","54,75",4802,"71,54",2773
2018-06-01,2018,1,5487,4711,25152,"1,16","4,56","45,82",2607,"76,08",2104
2018-06-02,2018,2,4598,4050,20309,"1,14","4,24","49,39",2327,"74,32",1723
2018-06-03,2018,3,4467,3974,19047,"1,12","3,9","53,79",2411,"71,68",1563
2018-06-04,2018,4,5281,4574,24366,"1,15","4,54","49,99",2748,"75,26",1826
2018-06-05,2018,5,6302,5399,29576,"1,17","4,31","48,32",3196,"69,9",2203
2018-06-06,2018,6,6150,5287,28330,"1,16","4,67","47,51",3158,"77,58",2129
2018-06-07,2018,7,5988,5135,28397,"1,17","4,68","45,52",3071,"74,75",2064
2018-06-08,2018,8,5638,4848,24732,"1,16","4,48","46,91",2917,"79,19",1931
2018-06-09,2018,9,4996,4302,22678,"1,16","4,63","48,3",2552,"78,28",1750
2018-06-10,2018,10,4590,4033,19265,"1,14","4,11","53,51",2466,"77,01",1567
2018-06-11,2018,11,5482,4802,24453,"1,14","4,72","49,54",2980,"81,53",1822
2018-06-12,2018,12,5865,5023,27749,"1,17","4,94","45,59",2987,"79,28",2036
2018-06-13,2018,13,6275,5306,29382,"1,18","4,93","44,05",3149,"80,19",2157
2018-06-14,2018,14,6198,5367,28222,"1,15","4,62","45,05",3031,"77,94",2336
2018-06-15,2018,15,8060,6859,33079,"1,18","3,84","47,59",4060,"74,11",2799
2018-06-16,2018,16,8326,7234,31405,"1,15","3,53","55,55",4848,"76,2",2386
2018-06-17,2018,17,6475,5665,24491,"1,14","3,59","55,49",3600,"77,39",2065
2018-06-18,2018,18,7373,6316,30671,"1,17","4,16","50,32",3975,"78,77",2341
2018-06-19,2018,19,7984,6837,31663,"1,17","3,78","52,34",4490,"76,24",2347
2018-06-20,2018,20,10941,9292,45496,"1,18",4,"46,04",6021,"75,82",3271
2018-06-21,2018,21,10264,8676,43709,"1,18","3,86","49,43",5545,"70,88",3131
2018-06-22,2018,22,7839,6673,32306,"1,17","3,84","51,65",4125,"73,45",2548
2018-06-23,2018,23,6726,5820,25135,"1,16","3,36","55,96",3678,"73,45",2142
2018-06-24,2018,24,5966,5304,20464,"1,12","2,87","58,72",3503,"70,84",1801
2018-06-25,2018,25,8770,7741,33087,"1,13","3,64","52,93",5173,"78,47",2568
2018-06-26,2018,26,8616,7285,33864,"1,18","3,75","50,58",4737,"76,68",2548
2018-06-27,2018,27,8024,6852,31435,"1,17","3,81","50,26",4389,"78,14",2463
2018-06-28,2018,28,7501,6461,29664,"1,16","3,79","53,17",4172,"76,59",2289
2018-06-29,2018,29,7820,6790,30449,"1,15","3,45","54,46",4479,"71,39",2311
2018-06-30,2018,30,5975,5112,27695,"1,17","4,18","48,64",3142,"68,83",1970
2018-07-01,2018,1,2880,2426,16457,"1,19","5,58","38,65",1188,"70,89",1238
2018-07-02,2018,2,3412,2901,18546,"1,18","5,49","39,16",1470,"74,26",1431
2018-07-03,2018,3,4188,3527,22275,"1,19","5,48","40,71",1889,"75,98",1638
2018-07-04,2018,4,4978,4147,30107,"1,2","6,19","35,09",2218,"73,44",1929
2018-07-05,2018,5,4360,3689,25842,"1,18","6,09","35,39",1953,"73,73",1736
2018-07-06,2018,6,4162,3514,24714,"1,18","6,12","36,81",1852,"74,32",1662
2018-07-07,2018,7,3665,3158,21752,"1,16","5,86","37,57",1689,"71,15",1469
2018-07-08,2018,8,3365,2910,20110,"1,16","5,81","39,82",1591,"69,55",1319
2018-07-09,2018,9,4393,3675,28693,"1,2","6,49","33,33",1944,"70,29",1731
2018-07-10,2018,10,4478,3729,27706,"1,2","6,38","34,12",1950,"73,62",1779
2018-07-11,2018,11,4832,3935,33206,"1,23","6,86","31,79",2115,"69,91",1820
2018-07-12,2018,12,4384,3593,28386,"1,22","6,32","33,19",1920,"69,21",1673
2018-07-13,2018,13,4310,3607,26266,"1,19","6,34","33,32",1942,"74,52",1665
2018-07-14,2018,14,3641,3100,21257,"1,17","5,82","36,03",1670,"71,97",1430
2018-07-15,2018,15,3441,2959,19965,"1,16","5,55","39,06",1622,"69,33",1337
2018-07-16,2018,16,5657,4913,28890,"1,15",5,"42,28",3122,"72,86",1791
2018-07-17,2018,17,5525,4725,28783,"1,17","5,32","41,74",2868,"75,66",1857
2018-07-18,2018,18,6943,5972,32837,"1,16","4,28","45,27",3883,"68,67",2089
2018-07-19,2018,19,8206,7080,33480,"1,16","3,61","52,85",4934,"70,19",2146
2018-07-20,2018,20,6562,5790,24272,"1,13","3,38","55,65",4040,"75,07",1750
2018-07-21,2018,21,7709,6789,26766,"1,14","3,06","57,87",4831,"74,24",1958
2018-07-22,2018,22,8118,7153,28651,"1,13","3,11","58,29",5055,"73,77",2098
2018-07-23,2018,23,9366,7981,35613,"1,17","3,51","53,78",5480,"74,85",2501
2018-07-24,2018,24,9328,8035,36421,"1,16","3,7","53,32",5479,"76,37",2556
2018-07-25,2018,25,9392,7921,37515,"1,19","3,59","52,9",5344,"71,78",2577
2018-07-26,2018,26,9145,7866,33551,"1,16","3,37","55,67",5326,"75,53",2540
2018-07-27,2018,27,8752,7448,31855,"1,18","3,07",55,4997,"69,56",2451
2018-07-28,2018,28,8088,7014,28217,"1,15","2,93","57,85",4802,"70,6",2212
2018-07-29,2018,29,7951,7005,26303,"1,14","2,72","59,72",4781,"70,61",2224
2018-07-30,2018,30,9405,8081,36182,"1,16","3,45","52,24",5400,"72,66",2681
2018-07-31,2018,31,8822,7521,34234,"1,17","3,56","52,29",4984,"73,99",2537
2018-08-01,2018,1,4630,3905,24775,"1,19","5,4","37,37",1972,"74,26",1933
2018-08-02,2018,2,5052,4282,25006,"1,18","4,92","41,61",2413,"74,4",1869
2018-08-03,2018,3,5667,4826,29400,"1,17","4,95","37,71",2754,"70,74",2072
2018-08-04,2018,4,4797,4133,22882,"1,16","4,66","41,4",2356,"74,11",1777
2018-08-05,2018,5,4457,3866,21886,"1,15","4,77","44,76",2270,"72,91",1596
2018-08-06,2018,6,5624,4811,29541,"1,17","5,18","38,21",2726,"72,78",2085
2018-08-07,2018,7,5110,4407,26740,"1,16","5,43","40,76",2640,"76,77",1767
2018-08-08,2018,8,5915,4950,31532,"1,19","5,42","37,01",2855,"75,03",2095
2018-08-09,2018,9,5383,4502,28540,"1,2","5,4","39,38",2513,"75,1",1989
2018-08-10,2018,10,5640,4884,25649,"1,15","4,33","47,41",3049,73,1835
2018-08-11,2018,11,4949,4293,23285,"1,15","4,22","49,55",2596,"68,19",1697
2018-08-12,2018,12,4878,4345,21321,"1,12","3,83","53,32",2760,"68,12",1585
2018-08-13,2018,13,5980,5084,27612,"1,18","4,58","41,05",2986,"75,74",2098
2018-08-14,2018,14,5862,4945,29105,"1,19","4,9","39,37",2924,74,2021
2018-08-15,2018,15,14135,12897,38812,"1,1","2,35","68,08",10598,"80,33",2299
2018-08-16,2018,16,10439,8683,48778,"1,2","4,18","37,18",6432,"68,23",2251
2018-08-17,2018,17,6900,5836,34400,"1,18","4,53","41,74",3570,"68,04",2266
2018-08-18,2018,18,5686,4890,26550,"1,16","4,36","45,52",2903,"71,26",1987
2018-08-19,2018,19,4815,4173,21374,"1,15","4,28","48,2",2527,"74,67",1646
2018-08-20,2018,20,814,708,1703,"1,15","1,44","66,58",235,"78,52",473
2018-08-21,2018,21,2038,1758,11203,"1,16","5,75","36,85",833,"76,66",925
2018-08-22,2018,22,6645,5565,36526,"1,19","5,59","37,31",3398,"74,45",2167
2018-08-23,2018,23,6320,5270,34796,"1,2","5,49","37,67",3207,"73,05",2063
2018-08-24,2018,24,6122,5133,30626,"1,19","5,06",41,3122,"75,63",2011
2018-08-25,2018,25,5406,4612,27766,"1,17","5,05","44,17",2753,"73,19",1859
2018-08-26,2018,26,4632,3998,23870,"1,16","4,92","42,08",2394,"70,88",1604
2018-08-27,2018,27,7147,6074,33987,"1,18","4,73","41,89",3920,"75,47",2154
2018-08-28,2018,28,7859,6763,37351,"1,16","4,57","41,47",4379,"72,81",2384
2018-08-29,2018,29,7963,6742,37758,"1,18","4,45","42,45",4382,"71,17",2360
2018-08-30,2018,30,7723,6480,35501,"1,19","4,57","43,8",4148,"75,74",2332
2018-08-31,2018,31,6973,5926,31268,"1,18","4,26","43,27",3712,"73,15",2214
2018-09-01,2018,1,4347,3647,20915,"1,19","4,67","46,26",2088,"73,27",1559
2018-09-02,2018,2,4574,3983,20955,"1,15","3,97","49,83",2364,"66,25",1619
2018-09-03,2018,3,5686,4894,26694,"1,16","4,68","46,2",2954,"75,82",1940
2018-09-04,2018,4,5547,4730,27679,"1,17","4,95","44,76",2777,"74,16",1953
2018-09-05,2018,5,5390,4550,25829,"1,18","4,95","44,66",2704,"78,16",1846
2018-09-06,2018,6,5510,4678,25415,"1,18","4,57","48,66",2844,"75,82",1834
2018-09-07,2018,7,5057,4338,23265,"1,17","4,48","48,82",2631,"74,5",1707
2018-09-08,2018,8,4335,3806,18436,"1,14","4,23","52,83",2415,"77,78",1391
2018-09-09,2018,9,4091,3584,18327,"1,14","4,51","51,67",2268,"77,6",1316
2018-09-10,2018,10,5387,4628,24626,"1,16","4,68","48,12",2881,"78,53",1747
2018-09-11,2018,11,7816,6542,42900,"1,19","4,91","41,77",3876,"65,6",2666
2018-09-12,2018,12,7844,6970,31924,"1,13","3,84","56,5",4654,"74,92",2316
2018-09-13,2018,13,9710,8385,39000,"1,16","4,07","49,76",5299,"79,91",3086
2018-09-14,2018,14,10429,8504,39440,"1,23","3,98","47,41",5528,"79,13",2976
2018-09-15,2018,15,9238,7448,31338,"1,24","3,34","50,88",4977,"73,88",2471
2018-09-16,2018,16,8662,7302,28448,"1,19","2,97","55,81",5165,"71,49",2137
2018-09-17,2018,17,9693,8040,34903,"1,21","3,52","51,41",5410,"75,61",2630
2018-09-18,2018,18,9565,7957,36396,"1,2","3,69","51,76",5299,"73,74",2658
2018-09-19,2018,19,9084,7532,35053,"1,21","3,75","51,33",5000,"74,47",2532
2018-09-20,2018,20,8497,7030,30686,"1,21","3,63","53,45",4691,"78,23",2339
2018-09-21,2018,21,9736,7648,33869,"1,27","3,6","47,56",5028,"76,04",2620
2018-09-22,2018,22,9015,7330,30583,"1,23","3,2","51,58",4935,"70,89",2395
2018-09-23,2018,23,8400,7022,26949,"1,2","2,96","56,04",4903,"71,97",2119
2018-09-24,2018,24,9845,8048,36000,"1,22","3,56","51,24",5292,"74,31",2756
2018-09-25,2018,25,9641,7869,36452,"1,23","3,65","50,5",5171,"72,7",2698
2018-09-26,2018,26,9427,7753,35739,"1,22","3,63","50,31",5015,"72,29",2738
2018-09-27,2018,27,8726,7027,33022,"1,24","3,71","50,5",4596,"75,32",2431
2018-09-28,2018,28,10980,8778,50894,"1,25","3,75","44,08",5913,"59,45",2865
2018-09-29,2018,29,8105,6818,31242,"1,19","3,35","54,03",4562,"67,21",2256
2018-09-30,2018,30,8221,7016,29614,"1,17","3,26","56,1",4811,"71,33",2205
2018-10-01,2018,1,6211,5207,31265,"1,19","4,75","43,78",3034,"70,36",2173
2018-10-02,2018,2,6007,5023,29958,"1,2","4,9","42,98",2942,"73,43",2081
2018-10-03,2018,3,8392,6863,48611,"1,22","5,23","37,91",4336,"65,27",2527
2018-10-04,2018,4,5516,4593,28376,"1,2","5,08","41,55",2479,"73,22",2114
2018-10-05,2018,5,6564,5505,31639,"1,19","4,7","40,31",2891,"73,54",2614
2018-10-06,2018,6,4628,3875,25021,"1,19","5,15","42,65",1967,"69,85",1908
2018-10-07,2018,7,4373,3705,20975,"1,18","4,5","48,23",2098,"70,9",1607
2018-10-08,2018,8,5704,4733,30500,"1,21","5,3","40,34",2619,"72,92",2114
2018-10-09,2018,9,5278,4469,28138,"1,18","5,49","41,8",2581,"75,98",1888
2018-10-10,2018,10,7417,6167,33992,"1,2","5,25","37,94",3382,"87,22",2785
2018-10-11,2018,11,8251,6802,36625,"1,21","5,03","37,39",3790,"86,94",3012
2018-10-12,2018,12,8076,6443,36756,"1,25","4,84","36,02",3685,"80,02",2758
2018-10-13,2018,13,6305,5102,28273,"1,24","4,61","39,94",3051,"76,68",2051
2018-10-14,2018,14,5421,4555,22868,"1,19","4,25","45,31",2830,"77,14",1725
2018-10-15,2018,15,6937,5722,30743,"1,21","4,8","42,94",3606,"82,03",2116
2018-10-16,2018,16,9649,8110,39391,"1,19","4,12","49,84",5392,"78,52",2718
2018-10-17,2018,17,9415,7950,36460,"1,18","3,79","52,01",5147,"78,21",2803
2018-10-18,2018,18,8114,6993,33326,"1,16","3,98","53,11",4595,"76,08",2398
2018-10-19,2018,19,14386,12257,41980,"1,17","3,16","52,14",7645,"97,32",4612
2018-10-20,2018,20,9188,7946,31780,"1,16","3,45","57,96",5090,"82,43",2856
2018-10-21,2018,21,8937,7750,30809,"1,15","3,15","58,81",5256,"75,69",2494
2018-10-22,2018,22,10328,8796,38510,"1,17","3,78","51,2",5554,"82,05",3242
2018-10-23,2018,23,18903,14682,110691,"1,29","7,22","34,05",8647,"88,8",6035
2018-10-24,2018,24,9687,8181,39407,"1,18",4,"50,4",4749,"77,17",3432
2018-10-25,2018,25,8499,7206,31650,"1,18","3,65","53,05",4427,"79,66",2779
2018-10-26,2018,26,8224,7138,30744,"1,15","3,62","54,86",4460,"78,5",2678
2018-10-27,2018,27,7052,6248,24332,"1,13","3,28","58,38",4012,"79,28",2236
2018-10-28,2018,28,7282,6483,24071,"1,12","2,8","61,18",4489,"72,05",1994
2018-10-29,2018,29,9798,8526,38420,"1,15","3,88","49,13",5456,"79,17",3070
2018-10-30,2018,30,12664,10283,71510,"1,23","6,8","38,06",5714,"87,37",4569
2018-10-31,2018,31,7012,6155,23029,"1,14","2,97","55,19",3649,"77,36",2506
2018-11-01,2018,1,4585,3735,23457,"1,23","5,34","36,34",1700,"76,76",2035
2018-11-02,2018,2,5622,4557,30085,"1,23","5,29","33,71",2067,"71,82",2490
2018-11-03,2018,3,3677,3074,21105,"1,2","5,28","36,8",1384,"66,7",1690
2018-11-04,2018,4,3154,2688,17244,"1,17","5,54","40,11",1371,"74,26",1317
2018-11-05,2018,5,3906,3343,21880,"1,17","5,44","39,58",1840,"70,63",1503
2018-11-06,2018,6,6546,5390,42110,"1,21","7,19","30,78",2788,"79,33",2602
2018-11-07,2018,7,4652,3780,26592,"1,23","5,89","35,06",1905,"74,6",1875
2018-11-08,2018,8,4102,3388,23011,"1,21","5,58","35,15",1700,"72,53",1688
2018-11-09,2018,9,3687,3068,19932,"1,2","5,48","37,75",1594,"74,55",1474
2018-11-10,2018,10,2947,2540,15306,"1,16","5,27","39,46",1334,"75,18",1206
2018-11-11,2018,11,2763,2322,16484,"1,19","5,67","38,73",1238,"68,51",1084
2018-11-12,2018,12,2991,2531,17527,"1,18","5,79","36,94",1329,"71,37",1202
2018-11-13,2018,13,8704,7037,62319,"1,24","8,61","22,04",3539,"83,64",3498
2018-11-14,2018,14,5834,4765,34644,"1,22","5,66","31,69",2090,"68,56",2675
2018-11-15,2018,15,4602,3776,27711,"1,22","5,75","35,66",1914,"68,52",1862
2018-11-16,2018,16,4587,3796,24881,"1,21","5,52","34,38",2123,"74,68",1673
2018-11-17,2018,17,3685,3088,20215,"1,19","5,27","39,65",1759,"70,23",1329
2018-11-18,2018,18,3344,2838,17784,"1,18","5,1","39,41",1672,"70,75",1166
2018-11-19,2018,19,5251,4330,28127,"1,21","5,61","33,92",2263,"76,96",2067
2018-11-20,2018,20,6593,5409,38587,"1,22","5,88","30,58",2713,"72,47",2696
2018-11-21,2018,21,5314,4344,30386,"1,22","6,04","34,17",2285,"76,49",2059
2018-11-22,2018,22,5363,4387,29712,"1,22","5,6","36,19",2513,"73,71",1874
2018-11-23,2018,23,9628,7478,103379,"1,29","7,62","28,88",3931,"46,84",3547
2018-11-24,2018,24,4491,3785,21955,"1,19","4,41","43,62",1975,"67,93",1810
2018-11-25,2018,25,4057,3406,18643,"1,19","4,49","47,08",1881,"74,85",1525
2018-11-26,2018,26,5581,4635,26602,"1,2","4,68","42,97",2599,"74,38",2036
2018-11-27,2018,27,5872,4848,32317,"1,21","5,69","38,68",2720,"75,57",2128
2018-11-28,2018,28,5820,4844,27172,"1,2","4,62","45,88",2682,"75,33",2162
2018-11-29,2018,29,5521,4422,26304,"1,25","5,38","41,88",2498,"85,02",1924
2018-11-30,2018,30,5213,4170,23416,"1,25","4,64","41,3",2244,"77,45",1926
2018-12-01,2018,1,6171,4686,19716,"1,32","3,37","41,24",2773,"83,16",1913
2018-12-02,2018,2,6070,4626,20356,"1,31","3,38","42,62",2847,"77,42",1779
2018-12-03,2018,3,6249,4679,22073,"1,34","4,42","33,7",2590,"95,4",2089
2018-12-04,2018,4,7447,5521,31321,"1,35","5,21","32,05",2963,"91,45",2558
2018-12-05,2018,5,9076,7161,31586,"1,27","4,59","40,67",4233,"104,47",2928
2018-12-06,2018,6,11367,8971,38672,"1,27","3,91","38,85",5058,"93,68",3913
2018-12-07,2018,7,8949,7393,27835,"1,21","3,39","45,03",4375,"91,92",3018
2018-12-08,2018,8,8380,6724,23567,"1,25","3,09","48,71",4172,"95,82",2552
2018-12-09,2018,9,8143,6622,24054,"1,23","2,93","51,76",4326,"84,49",2296
2018-12-10,2018,10,9382,7739,33727,"1,21","3,83","46,7",4638,"85,85",3101
2018-12-11,2018,11,10287,8338,37707,"1,23","4,15","44,67",4907,"89,37",3431
2018-12-12,2018,12,8467,6828,33649,"1,24","4,21","45,23",4014,"81,66",2814
2018-12-13,2018,13,7893,6440,28345,"1,23","3,88","46,52",3884,"86,55",2556
2018-12-14,2018,14,6791,5590,26901,"1,21","4,23","45,53",3426,"82,79",2164
2018-12-15,2018,15,6373,5080,22054,"1,25","3,45","48,34",3042,"80,48",2038
2018-12-16,2018,16,5412,4464,18985,"1,21","3,56","49,61",2787,"81,5",1677
2018-12-17,2018,17,7476,6165,28536,"1,21","3,76","51,71",3866,"79,46",2299
2018-12-18,2018,18,8954,7189,51348,"1,25","6,57","36,18",4099,"82,95",3090
2018-12-19,2018,19,6243,5128,27188,"1,22","4,04","46,87",3027,"72,06",2101
2018-12-20,2018,20,5463,4522,22256,"1,21","3,8","47,19",2774,"73,54",1748
2018-12-21,2018,21,5083,4302,20021,"1,18","3,65","50,6",2507,"74,05",1795
2018-12-22,2018,22,4309,3704,16475,"1,16","3,2","53,42",2294,"67,77",1410
2018-12-23,2018,23,3840,3363,12490,"1,14","2,68","59,61",2203,"71,21",1160
2018-12-24,2018,24,3683,3270,9441,"1,13","2,02","65,82",2150,"77,29",1120
2018-12-25,2018,25,4764,4342,12762,"1,1","2,01","68,03",3173,"71,55",1169
2018-12-26,2018,26,6729,5827,24223,"1,15","3,29","57,24",4047,"75,7",1780
2018-12-27,2018,27,8340,7321,27394,"1,14","2,86","59,72",5300,"74,68",2021
2018-12-28,2018,28,7107,6178,23410,"1,15","3,18","59,03",4344,"83,04",1834
2018-12-29,2018,29,6352,5690,19402,"1,12","2,46","63,43",4150,"71,61",1540
2018-12-30,2018,30,5578,5025,14461,"1,11","1,91","65,13",3689,"71,88",1336
2018-12-31,2018,31,5645,5156,11281,"1,09","1,29","73,34",3959,"76,98",1197
2019-01-01,2019,1,1522,1308,7169,"1,16","4,68","44,02",536,"75,56",772
2019-01-02,2019,2,6309,5344,30409,"1,18","4,47","42,32",3161,"70,07",2183
2019-01-03,2019,3,6653,5643,29145,"1,18","4,31","48,44",3685,"76,23",1958
2019-01-04,2019,4,6611,5630,26579,"1,17","3,76","51,43",3764,"74,52",1866
2019-01-05,2019,5,5906,4999,22994,"1,18","3,47","54,05",3330,"71,84",1669
2019-01-06,2019,6,5784,4954,19976,"1,17",3,"57,11",3428,"73,13",1526
2019-01-07,2019,7,6701,5738,24598,"1,17","3,3","55,1",4016,"74,06",1722
2019-01-08,2019,8,7177,6013,30510,"1,19","4,16","49,88",3906,"76,62",2107
2019-01-09,2019,9,6419,5257,27839,"1,22","4,22","46,21",3244,"75,72",2013
2019-01-10,2019,10,6982,5923,30329,"1,18","4,19","51,65",3901,"75,02",2022
2019-01-11,2019,11,6506,5370,28100,"1,21","4,19","49,91",3522,"75,34",1848
2019-01-12,2019,12,6290,5269,24572,"1,19","3,42","53,61",3470,"70,57",1799
2019-01-13,2019,13,5849,4950,22179,"1,18","3,37","54,56",3341,"72,33",1609
2019-01-14,2019,14,7145,5825,25056,"1,23","3,89","48,92",3810,"92,87",2015
2019-01-15,2019,15,9864,7819,35130,"1,26","5,87","36,52",4591,"136,74",3228
2019-01-16,2019,16,7547,6082,29606,"1,24","4,1","45,57",3719,"83,6",2363
2019-01-17,2019,17,6972,5632,34688,"1,24","4,33","46,83",3398,"65,18",2234
2019-01-18,2019,18,8512,7077,44462,"1,2","4,21","44,42",4286,"59,66",2791
2019-01-19,2019,19,6896,5787,30415,"1,19","3,59","52,77",3706,"63,02",2081
2019-01-20,2019,20,6294,5322,24181,"1,18","3,14","55,88",3547,"66,13",1775
2019-01-21,2019,21,7450,6138,32217,"1,21","3,73","50,21",4034,"66,75",2104
2019-01-22,2019,22,7480,6052,35416,"1,24","4,4","46,71",3826,"70,43",2226
2019-01-23,2019,23,8627,7107,40042,"1,21","4,07","45,96",4341,"66,82",2766
2019-01-24,2019,24,13805,10837,90275,"1,27","5,08","36,89",6206,"54,88",4631
2019-01-25,2019,25,14179,11499,68737,"1,23","4,27","44,36",6936,"66,41",4563
2019-01-26,2019,26,9084,7511,41245,"1,21","3,76","48,77",4455,"63,62",3056
2019-01-27,2019,27,7892,6686,32186,"1,18","3,36","52,75",4205,"65,34",2481
2019-01-28,2019,28,10178,8175,52483,"1,25","4,58","42,87",4648,"65,99",3527
2019-01-29,2019,29,11855,9409,69713,"1,26","6,32","37,53",5351,"77,62",4058
2019-01-30,2019,30,8951,7291,41423,"1,23","4,17","44,59",4354,"68,73",2937
2019-01-31,2019,31,9626,7920,40172,"1,22","4,11","47,41",4924,"77,08",2996
2019-02-01,2019,1,9474,7705,38087,"1,23","3,81","49,01",4753,"75,18",2952
2019-02-02,2019,2,9178,7445,33495,"1,23","3,61","52,2",4873,"80,33",2572
2019-02-03,2019,3,8148,6710,28085,"1,21","3,23","54,52",4479,"78,05",2231
2019-02-04,2019,4,10148,8153,38858,"1,24","3,81","49,65",5384,"80,21",2769
2019-02-05,2019,5,10925,8602,42255,"1,27","4,04","43,79",5544,"83,01",3058
2019-02-06,2019,6,12169,9484,50346,"1,28","3,95","43,83",5634,"74,64",3850
2019-02-07,2019,7,14770,11363,88976,"1,3","5,01","38,16",6507,"59,32",4856
2019-02-08,2019,8,11129,8869,43377,"1,25","3,51","45,64",5085,"71,79",3784
2019-02-09,2019,9,10009,7975,38457,"1,26","3,42","46,77",4951,"71,41",3024
2019-02-10,2019,10,7926,6447,29091,"1,23","3,48","49,99",4100,"77,29",2347
2019-02-11,2019,11,9341,7445,37179,"1,25","3,95","44,71",4630,"78,79",2815
2019-02-12,2019,12,8045,6228,32506,"1,29","4,24","42,1",3554,"82,97",2674
2019-02-13,2019,13,9797,7753,40663,"1,26","4,28","44,72",4836,"80,93",2917
2019-02-14,2019,14,9319,7524,35253,"1,24","3,61","48,5",4789,"77,17",2735
2019-02-15,2019,15,8996,7199,32995,"1,25","3,5","48,73",4522,"77,4",2677
2019-02-16,2019,16,8246,6786,28370,"1,22","2,98","53,55",4453,"72,37",2333
2019-02-17,2019,17,8198,6757,27192,"1,21","2,84","55,39",4544,"72,46",2213
2019-02-18,2019,18,10453,8595,37328,"1,22","3,4","52,02",5815,"78,71",2780
2019-02-19,2019,19,12377,9879,60753,"1,25","5,38","41,86",5870,"82,25",4009
2019-02-20,2019,20,10028,8061,37713,"1,24","3,69","47,94",5206,"79,33",2855
2019-02-21,2019,21,10349,8244,36913,"1,26","3,48","49,72",5549,"80,56",2695
2019-02-22,2019,22,9795,8051,35475,"1,22","3,4","50,82",5281,"76,86",2770
2019-02-23,2019,23,9105,7465,32070,"1,22","3,03","53,88",5057,"71,33",2408
2019-02-24,2019,24,9387,7745,32061,"1,21","3,14","53,87",5402,"76,78",2343
2019-02-25,2019,25,10573,8620,38172,"1,23","3,44","51,01",5974,"78,04",2646
2019-02-26,2019,26,11591,9530,45323,"1,22","3,66","49,43",6349,"74,97",3181
2019-02-27,2019,27,12497,10256,47954,"1,22","3,56","49,3",6466,"74,9",3790
2019-02-28,2019,28,14995,11928,116660,"1,26","4,16","16,07",7482,"36,38",4446
2019-03-01,2019,1,8260,6625,57457,"1,25","3,72","12,37",3578,"37,07",3047
2019-03-02,2019,2,9291,7451,60892,"1,25","3,42","11,16",4562,"36,54",2889
2019-03-03,2019,3,9645,7653,61141,"1,26","3,21","10,03",4586,"35,72",3067
2019-03-04,2019,4,9691,7794,62714,"1,24","3,69","7,88",4836,"40,18",2958
2019-03-05,2019,5,10125,8024,67369,"1,26","3,65","7,97",4789,"38,44",3235
2019-03-06,2019,6,10206,8130,67408,"1,26","3,74","8,33",4968,"39,74",3162
2019-03-07,2019,7,9655,7619,62578,"1,27","3,58","7,88",4709,"38,81",2910
2019-03-08,2019,8,9335,7681,48047,"1,22","3,05","21,3",4574,"43,84",3107
2019-03-09,2019,9,8027,6526,28745,"1,23","3,02","49,37",3975,"69,88",2551
2019-03-10,2019,10,8072,6743,26387,"1,2","2,84","55,08",4403,"74,55",2340
2019-03-11,2019,11,9147,7522,33285,"1,22","3,52","48,77",4567,"79,43",2955
2019-03-12,2019,12,13244,10408,82590,"1,27","6,05","36,37",6047,"69,07",4361
2019-03-13,2019,13,11607,9493,50731,"1,22","3,23","51,25",5730,"57,15",3763
2019-03-14,2019,14,9635,7832,42591,"1,23","3,29","51,06",4792,"57,34",3040
2019-03-15,2019,15,9994,8171,42864,"1,22","3,02","51,36",5163,"54,75",3008
2019-03-16,2019,16,8770,7184,36052,"1,22","2,94","54,17",4587,"56,48",2597
2019-03-17,2019,17,8283,6825,32918,"1,21","2,94","54,99",4394,"58,91",2431
2019-03-18,2019,18,9075,7352,40698,"1,23","3,38","50,51",4559,"57,8",2793
2019-03-19,2019,19,9519,7827,44317,"1,22","3,52","50,37",4799,"57,36",3028
2019-03-20,2019,20,9102,7271,44012,"1,25","3,57","47,86",4411,"55,48",2860
2019-03-21,2019,21,8864,7073,46438,"1,25","3,86","45,65",4198,"54,35",2875
2019-03-22,2019,22,7907,6344,38121,"1,25","3,72","48,93",3772,"58,03",2572
2019-03-23,2019,23,7345,5960,33394,"1,23","3,25","50,42",3652,"54,43",2308
2019-03-24,2019,24,7018,5807,30679,"1,21","3,1","54,3",3715,"54,65",2092
2019-03-25,2019,25,7479,6200,32824,"1,21","3,35","50,38",3894,"58,65",2306
2019-03-26,2019,26,8787,7091,46672,"1,24","4,13","43,21",4210,"57,08",2881
2019-03-27,2019,27,9594,7587,49123,"1,26","4,13","41,62",4497,"59,45",3090
2019-03-28,2019,28,9031,7167,44310,"1,26","3,81","44,55",4375,"57,81",2792
2019-03-29,2019,29,8829,6837,38773,"1,29","3,43","44,2",4139,"59,11",2698
2019-03-30,2019,30,8008,6365,35360,"1,26","3,23","47,12",3895,"55,53",2470
2019-03-31,2019,31,7400,6029,29965,"1,23","2,97","51,24",3661,"57,41",2368
2019-04-01,2019,1,4977,4018,38499,"1,24","5,93","34,7",1813,"52,63",2205
2019-04-02,2019,2,5416,4331,38746,"1,25","5,47","31,39",2027,"53,26",2304
2019-04-03,2019,3,6174,5059,41741,"1,22","5,1","30,45",2617,"52,97",2442
2019-04-04,2019,4,6274,4937,53876,"1,27","7,01","24,67",2394,"55,28",2543
2019-04-05,2019,5,5028,4103,38230,"1,23","5,85","30,99",2058,"52,92",2045
2019-04-06,2019,6,4047,3340,30965,"1,21","5,81","34,1",1702,"52,28",1638
2019-04-07,2019,7,3802,3202,28055,"1,19","5,33","36,14",1752,"49,99",1450
2019-04-08,2019,8,6497,5274,45819,"1,23","5,57","34,72",2687,"55,02",2587
2019-04-09,2019,9,8222,6667,58165,"1,23","5,66","36,69",3445,"55,7",3222
2019-04-10,2019,10,6522,5454,42255,"1,2","4,79","41,63",2963,"52,24",2491
2019-04-11,2019,11,6758,5671,39153,"1,19","4,39","44,87",3369,"54,67",2302
2019-04-12,2019,12,7134,6097,35398,"1,17","3,66","49,69",4070,"55,17",2027
2019-04-13,2019,13,6863,5981,32191,"1,15","3,2","53,01",4017,"51,88",1964
2019-04-14,2019,14,6421,5596,27585,"1,15","3,15","54,29",3825,"57,21",1771
2019-04-15,2019,15,9476,8112,48142,"1,17","3,72","51,28",5460,"54,53",2652
2019-04-16,2019,16,12150,9810,91750,"1,24","6,2","36,51",5939,"56,62",3871
2019-04-17,2019,17,8301,6863,41396,"1,21","3,69","47,39",4411,"55,39",2452
2019-04-18,2019,18,9003,8006,30150,"1,12","2,25","61,24",5678,"57,3",2328
2019-04-19,2019,19,9651,8639,29349,"1,12","1,93","65,88",6430,"56,63",2209
2019-04-20,2019,20,9874,8830,36329,"1,12","2,5","60,82",6273,"55,78",2557
2019-04-21,2019,21,9412,8360,33670,"1,13","2,45","60,69",5990,"56,81",2370
2019-04-22,2019,22,9874,8462,42737,"1,17","3,18","52,6",5735,"57,16",2727
2019-04-23,2019,23,9607,8229,43493,"1,17","3,32","50,88",5460,"56,15",2769
2019-04-24,2019,24,10641,9072,53909,"1,17","3,67","50,9",6103,"53,99",2969
2019-04-25,2019,25,11900,9503,53395,"1,25","5,44","44,33",6046,"93,07",3457
2019-04-26,2019,26,12322,10230,55590,"1,2","3,64","53,71",6094,"61,91",4136
2019-04-27,2019,27,11926,10050,41268,"1,19","2,8","58,66",5110,"67,69",4940
2019-04-28,2019,28,8663,7665,31159,"1,13","2,62","60,65",4998,"60,48",2667
2019-04-29,2019,29,10900,9210,47121,"1,18","3,3","53,86",5761,"59,36",3449
2019-04-30,2019,30,9668,8127,51132,"1,19","3,73","50,64",5120,"51,97",3007
2019-05-01,2019,1,3551,2920,24581,"1,22","5,55","34,02",1226,"56,08",1694
2019-05-02,2019,2,8454,6930,66527,"1,22","5,46","30,6",3692,"47,56",3238
2019-05-03,2019,3,6271,5130,41490,"1,22","5,17","34,76",2521,"54,53",2609
2019-05-04,2019,4,4480,3779,28168,"1,19","4,62","38,93",1934,"52,13",1845
2019-05-05,2019,5,4094,3479,26963,"1,18","4,91","36,71",1899,"52,3",1580
2019-05-06,2019,6,6603,5456,36471,"1,21","4,58","38,86",2725,"60,13",2731
2019-05-07,2019,7,7756,6046,66876,"1,28","7,42","26,83",2809,"58,2",3237
2019-05-08,2019,8,8225,6522,47663,"1,26","5,32","34,31",3798,"66,3",2724
2019-05-09,2019,9,12436,9509,92302,"1,31","6,07","38,5",5614,"56,51",3895
2019-05-10,2019,10,11184,8830,74404,"1,27","4,93","45,49",5174,"52,23",3656
2019-05-11,2019,11,8738,7337,37623,"1,19","3,17","53,34",4378,"57,31",2959
2019-05-12,2019,12,7233,6382,24843,"1,13","2,39","61,86",4052,"58,69",2330
2019-05-13,2019,13,9400,7646,49861,"1,23","4,08","48,74",4496,"56,7",3150
2019-05-14,2019,14,10554,8445,59753,"1,25","4,61","43,77",4723,"58,93",3722
2019-05-15,2019,15,9741,7907,51686,"1,23","4,21","49,25",4486,"58,4",3421
2019-05-16,2019,16,11287,9157,68173,"1,23","4,28","47,26",4986,"50,63",4171
2019-05-17,2019,17,9139,7451,49146,"1,23","4,1","47,67",4037,"55,92",3414
2019-05-18,2019,18,7919,6719,37726,"1,18","3,51","51,94",3917,"55,68",2802
2019-05-19,2019,19,7639,6446,36550,"1,19","3,59","53,38",3810,"56,82",2636
2019-05-20,2019,20,9156,7556,43460,"1,21","3,75","48,13",4329,"59,8",3227
2019-05-21,2019,21,12750,9945,90180,"1,28","6,25","36,8",5111,"61,48",4834
2019-05-22,2019,22,12274,9366,75781,"1,31","4,38","39,66",5047,"50,4",4319
2019-05-23,2019,23,11514,8959,70293,"1,29","4,24","43,46",4988,"49,6",3971
2019-05-24,2019,24,10380,8548,55048,"1,21","3,85","49,91",4995,"53,58",3553
2019-05-25,2019,25,8956,7646,40716,"1,17","3,39","54,56",4634,"57,14",3012
2019-05-26,2019,26,7440,6396,35003,"1,16","3,52","52,14",3696,"56,81",2700
2019-05-27,2019,27,9645,8125,47089,"1,19","3,62","50,92",4767,"55,69",3358
2019-05-28,2019,28,9899,8312,46110,"1,19","3,81","50,06",4933,"62,21",3379
2019-05-29,2019,29,9136,7503,44940,"1,22","3,99","49,51",4390,"60,91",3113
2019-05-30,2019,30,14024,11189,91046,"1,25","4,71","40,4",5981,"51,3",5208
2019-05-31,2019,31,8384,6901,43731,"1,21","4,06","47,1",3555,"57,6",3346
2019-06-01,2019,1,5068,4136,32944,"1,23","5,28","36,03",1684,"57,47",2452
2019-06-02,2019,2,4417,3659,28626,"1,21","5,27","35,5",1475,"57,65",2184
2019-06-03,2019,3,5222,4247,36192,"1,23","5,75","34,58",1758,"58,15",2489
2019-06-04,2019,4,6351,5106,43462,"1,24","5,57","33,27",2268,"57,06",2838
2019-06-05,2019,5,7619,6207,47413,"1,23","4,98","39,65",3230,"57,06",2977
2019-06-06,2019,6,7495,6037,44532,"1,24","4,75","40,65",3174,"57,5",2863
2019-06-07,2019,7,6745,5536,37769,"1,22","4,68","44,6",2924,"60,9",2612
2019-06-08,2019,8,6352,5272,34967,"1,2","4,4","45,36",2945,"58,4",2327
2019-06-09,2019,9,6135,5082,34263,"1,21","4,21","45,72",2848,"55,01",2234
2019-06-10,2019,10,7956,6462,45711,"1,23","4,57","41,99",3629,"57,72",2833
2019-06-11,2019,11,9536,7683,58151,"1,24","4,76","34,91",4191,"55,94",3492
2019-06-12,2019,12,8044,6522,48056,"1,23","4,86","37,85",3418,"58,44",3104
2019-06-13,2019,13,11502,9264,81073,"1,24","5,17","36,58",4763,"51,15",4501
2019-06-14,2019,14,7850,6465,39996,"1,21","4,1","45,13",3412,"59,92",3053
2019-06-15,2019,15,7107,5999,31531,"1,18","3,45","50,16",3458,"60,12",2541
2019-06-16,2019,16,6159,5337,25558,"1,15","3,03","53,35",3189,"57,66",2148
2019-06-17,2019,17,8453,6981,43221,"1,21","4,06","46,09",4162,"59,13",2819
2019-06-18,2019,18,10192,8511,52212,"1,2","4,26","45,52",5143,"61,86",3368
2019-06-19,2019,19,9202,7445,48240,"1,24","4,31","42,69",4335,"60,84",3110
2019-06-20,2019,20,8774,7273,47649,"1,21","4,2","44,37",4203,"56,68",3070
2019-06-21,2019,21,7941,6498,42278,"1,22","3,98","44,14",3721,"55,11",2777
2019-06-22,2019,22,15596,13991,46147,"1,11","2,06","65,73",11266,"62,66",2725
2019-06-23,2019,23,7082,6114,31214,"1,16","3,24","51,04",3675,"56,92",2439
2019-06-24,2019,24,7597,6428,37627,"1,18","3,91","46,73",3841,"59,16",2587
2019-06-25,2019,25,8950,7432,47201,"1,2","4,13","43,24",4301,"57,79",3131
2019-06-26,2019,26,8714,7294,44722,"1,19","4,1","44,61",4252,"59,37",3042
2019-06-27,2019,27,11207,9078,72369,"1,23","4,53","40,83",5198,"49,72",3880
2019-06-28,2019,28,7884,6520,41712,"1,21","3,79","43,05",3580,"52,83",2940
2019-06-29,2019,29,7718,6532,36923,"1,18","3,65","48,32",3970,"57,81",2562
2019-06-30,2019,30,7212,6225,34212,"1,16","3,64","47,62",3752,"58,19",2473
2019-07-01,2019,1,5312,4325,35951,"1,23","5,35","35,28",1755,"55,57",2570
2019-07-02,2019,2,9535,7469,83144,"1,28","7,99","23,34",2943,"61,96",4526
2019-07-03,2019,3,16544,14721,61789,"1,12","2,56","61,54",11229,"56,15",3492
2019-07-04,2019,4,6096,5135,33571,"1,19","4,34","41,55",2703,"57,62",2432
2019-07-05,2019,5,7388,6206,45276,"1,19","4,85","41,77",3298,"56,54",2908
2019-07-06,2019,6,6403,5443,34470,"1,18","4,1","47,13",2902,"56,01",2541
2019-07-07,2019,7,6116,5270,33589,"1,16","4,47","48,04",2922,"59,51",2348
2019-07-08,2019,8,7282,6042,41860,"1,21","4,81","43,24",3166,"60,6",2876
2019-07-09,2019,9,9061,7483,50515,"1,21","4,5","46,21",4338,"58,88",3145
2019-07-10,2019,10,9501,7954,47626,"1,19","3,79","47,11",4751,"56,46",3203
2019-07-11,2019,11,13356,10331,96080,"1,29","4,92","37,46",5571,"47,55",4760
2019-07-12,2019,12,10660,9030,47437,"1,18","3,38","53,06",5634,"58,67",3396
2019-07-13,2019,13,9940,8447,41275,"1,18","3,13","54,58",5283,"59,39",3164
2019-07-14,2019,14,9467,8030,37488,"1,18","2,86","55,32",5256,"57,79",2774
2019-07-15,2019,15,10883,8967,47277,"1,21","3,36","49,66",5561,"60,07",3406
2019-07-16,2019,16,12565,10253,69305,"1,23","4,48","42,99",5800,"59,32",4453
2019-07-17,2019,17,11129,9276,51193,"1,2","3,52","49,11",5629,"58,51",3647
2019-07-18,2019,18,9979,8279,47706,"1,21","3,52","46,35",4918,"55,78",3361
2019-07-19,2019,19,10022,8330,41416,"1,2","3,18","50,21",4867,"60,64",3463
2019-07-20,2019,20,8545,7249,35766,"1,18","3,09","51,06",4348,"58,09",2901
2019-07-21,2019,21,9241,7972,37838,"1,16","3,13","53,49",4909,"60,63",3063
2019-07-22,2019,22,9475,7887,48342,"1,2","3,86","42,94",4308,"56,06",3579
2019-07-23,2019,23,10485,8749,53037,"1,2","3,87","46,29",5057,"56,96",3692
2019-07-24,2019,24,10179,8497,49380,"1,2","3,67","47,02",4970,"56,92",3527
2019-07-25,2019,25,11147,9089,69776,"1,23","4,25","42,74",5035,"48,4",4054
2019-07-26,2019,26,9257,7688,43564,"1,2","3,43","47,28",4390,"55,36",3298
2019-07-27,2019,27,8817,7506,36182,"1,17","3,15","52,01",4616,"60,64",2890
2019-07-28,2019,28,8761,7597,33482,"1,15","2,92","54,27",4780,"62,06",2817
2019-07-29,2019,29,9917,8317,44566,"1,19","3,41","46,75",4923,"58,35",3394
2019-07-30,2019,30,12676,10547,68833,"1,2","5,02","40,12",6121,"67,36",4426
2019-07-31,2019,31,8682,7161,49229,"1,21","4,88","43,28",3737,62,3424
2019-08-01,2019,1,6416,5196,39630,"1,23","5,15","38,78",2287,"59,08",2909
2019-08-02,2019,2,9152,7649,41450,"1,2","3,67","48,91",4408,"61,93",3241
2019-08-03,2019,3,9445,7968,42213,"1,19","3,37","49,59",4824,"57,91",3144
2019-08-04,2019,4,9373,8110,37050,"1,16","2,98","54,55",5066,"60,27",3044
2019-08-05,2019,5,10808,9113,46920,"1,19","3,29","49,67",5511,"58,94",3602
2019-08-06,2019,6,13869,11465,57076,"1,21","4,85","45,4",6718,"92,07",4747
2019-08-07,2019,7,11222,9505,48724,"1,18","3,84","49,14",5729,"67,96",3776
2019-08-08,2019,8,17052,13591,105620,"1,25","4,59","42,49",7697,"52,59",5894
2019-08-09,2019,9,13095,10812,53621,"1,21","3,51","45,83",5794,"67,57",5018
2019-08-10,2019,10,10376,8961,42826,"1,16","3,26","51,05",5209,"62,05",3752
2019-08-11,2019,11,10862,9509,39401,"1,14","2,76","56,2",6032,"62,83",3477
2019-08-12,2019,12,11046,9210,47154,"1,2","3,34","49,64",5491,"60,91",3719
2019-08-13,2019,13,14143,11419,91216,"1,24","5,74","38,03",6038,"63,06",5381
2019-08-14,2019,14,11006,9269,53491,"1,19","3,88","46,97",5242,"60,09",4027
2019-08-15,2019,15,10451,8737,49253,"1,2","3,85","47,95",5101,"61,77",3636
2019-08-16,2019,16,11178,9280,47516,"1,2","3,69","50,04",5699,"67,52",3581
2019-08-17,2019,17,9672,8300,39752,"1,17","3,21","52,18",5049,"61,68",3251
2019-08-18,2019,18,9292,7933,34621,"1,17","2,86","54,96",5146,"62,57",2787
2019-08-19,2019,19,10314,8544,42523,"1,21","3,42","49,78",5390,"65,25",3154
2019-08-20,2019,20,12305,10115,53902,"1,22","3,65","46,71",5842,"64,58",4273
2019-08-21,2019,21,11493,9329,52702,"1,23","3,67","46,38",5429,"61,23",3900
2019-08-22,2019,22,14020,10989,84765,"1,28","4,19","42,3",5907,"49,71",5082
2019-08-23,2019,23,10871,8886,47874,"1,22","3,68","46,92",4985,"64,65",3901
2019-08-24,2019,24,10164,8494,40346,"1,2","3,38","50,28",5145,"67,96",3349
2019-08-25,2019,25,9363,7989,37510,"1,17","3,26","50,51",4818,"64,5",3171
2019-08-26,2019,26,12304,10297,52633,"1,19","3,51","47,56",5975,"63,91",4322
2019-08-27,2019,27,12178,9757,60816,"1,25","4,28","41,8",5411,"64,1",4346
2019-08-28,2019,28,11423,9393,56874,"1,22","4,14","44,22",5377,"61,91",4016
2019-08-29,2019,29,10400,8501,47035,"1,22","3,82","43,9",4795,"64,86",3706
2019-08-30,2019,30,9985,8323,43678,"1,2","3,72","46,72",4727,"65,85",3596
2019-08-31,2019,31,7806,6510,35744,"1,2","3,76","44,97",3559,"62,74",2951
2019-09-01,2019,1,4746,3872,27912,"1,23","5,09","38,33",1349,"62,26",2523
2019-09-02,2019,2,7294,5837,40662,"1,25","5,09","36,66",2574,"66,69",3263
2019-09-03,2019,3,9066,6878,63864,"1,32","5,57","33,97",2924,"55,06",3954
2019-09-04,2019,4,6965,5522,39293,"1,26","5,01","38,84",2342,"64,63",3180
2019-09-05,2019,5,6377,5142,36330,"1,24","5,03","38,07",2208,"63,94",2934
2019-09-06,2019,6,6956,5657,35618,"1,23","4,8","36,5",2860,"69,56",2797
2019-09-07,2019,7,7606,6156,34935,"1,24","4,6","32,8",3143,"76,31",3013
2019-09-08,2019,8,6919,5729,30977,"1,21","4,33","36,18",3116,"73,7",2613
2019-09-09,2019,9,8323,6694,41904,"1,24","5,04","31,91",3355,"73,88",3339
2019-09-10,2019,10,12707,10041,73733,"1,27","6,11","31,1",5110,"75,61",4931
2019-09-11,2019,11,10432,8432,46700,"1,24","4,34","34,01",4584,"73,61",3848
2019-09-12,2019,12,9078,7259,42184,"1,25","4,57","35,02",4007,"73,79",3252
2019-09-13,2019,13,8676,7056,39457,"1,23","4,45","36,54",3931,"74,19",3125
2019-09-14,2019,14,7802,6519,31639,"1,2","3,77","37,95",3660,"73,25",2859
2019-09-15,2019,15,7609,6450,32865,"1,18","3,9","39,41",3675,"69,75",2775
2019-09-16,2019,16,8826,7340,40463,"1,2","4,44","35,79",3966,"72,57",3374
2019-09-17,2019,17,12255,9475,75536,"1,29","4,96","31,04",5066,"56,85",4409
2019-09-18,2019,18,9188,7495,42794,"1,23","4,43","35,6",4019,"71,6",3476
2019-09-19,2019,19,9268,7591,40244,"1,22","4,25","37,22",4284,"74,73",3307
2019-09-20,2019,20,8708,6958,36313,"1,25","4,13","32,83",3800,"75,45",3158
2019-09-21,2019,21,8046,6713,30882,"1,2","3,39","39,71",3883,"70,51",2830
2019-09-22,2019,22,7285,6094,31544,"1,2","3,92","39,19",3494,"69,82",2600
2019-09-23,2019,23,9225,7565,42140,"1,22","4,2","35,61",4341,"69,66",3224
2019-09-24,2019,24,10797,8717,57328,"1,24","5,39","32,12",4846,"74,13",3871
2019-09-25,2019,25,9520,7910,42661,"1,2","4,31","35,35",4540,"72,76",3370
2019-09-26,2019,26,8841,7280,40875,"1,21","4,21","34,75",3993,"68,57",3287
2019-09-27,2019,27,8433,6950,38214,"1,21","4,16","35,69",3978,"69,7",2972
2019-09-28,2019,28,7517,6272,35785,"1,2","4,13","36,04",3616,"65,12",2656
2019-09-29,2019,29,7531,6342,35671,"1,19","4,19","36,64",3638,"66,12",2704
2019-09-30,2019,30,7315,5880,41436,"1,24","5,4",31,2781,"68,69",3099
2019-10-01,2019,1,8050,6098,62752,"1,32","6,58","23,91",2235,"57,35",3863
2019-10-02,2019,2,6671,5188,38832,"1,29","6,1","28,47",2211,"74,9",2977
2019-10-03,2019,3,7200,5895,40599,"1,22","5,48","33,78",2976,"70,07",2919
2019-10-04,2019,4,13617,12005,44038,"1,13","2,83","48,15",9339,"75,13",2666
2019-10-05,2019,5,5838,4852,30066,"1,2","4,83","38,25",2447,"69,39",2405
2019-10-06,2019,6,5573,4675,28756,"1,19","4,66","40,07",2352,"66,91",2323
2019-10-07,2019,7,7832,6431,39893,"1,22","4,75","34,9",3443,"68,84",2988
2019-10-08,2019,8,11286,8715,73109,"1,3","6,56","27,14",4394,"71,03",4321
2019-10-09,2019,9,8486,6799,44669,"1,25","5,13","33,66",3365,"70,97",3434
2019-10-10,2019,10,7676,6090,39820,"1,26","5,47","32,24",3074,"77,41",3016
2019-10-11,2019,11,8032,6668,35922,"1,2","4,6","37,87",3888,"78,75",2780
2019-10-12,2019,12,6899,5807,29619,"1,19","4,07","36,92",3335,"73,47",2472
2019-10-13,2019,13,6605,5652,26760,"1,17","3,77","40,3",3379,"73,63",2273
2019-10-14,2019,14,7403,6262,31921,"1,18","3,93","37,34",3564,"70,39",2698
2019-10-15,2019,15,10771,8773,55586,"1,23","4,88","32,93",4912,"69,73",3861
2019-10-16,2019,16,9406,7681,42958,"1,22","3,97","40,61",4262,"66,49",3419
2019-10-17,2019,17,11175,9253,53351,"1,21","4,06","35,56",4968,"64,18",4285
2019-10-18,2019,18,9356,7497,46118,"1,25","4,28",37,3681,"64,98",3816
2019-10-19,2019,19,6810,5634,32816,"1,21","3,94","38,69",2770,"61,75",2864
2019-10-20,2019,20,6356,5374,31073,"1,18","3,97","38,8",2784,"60,92",2590
